Workbook

Sheet clinical_ann_with_alleles_22.12
A1: Clinical Annotation ID | B1: Variant/Haplotypes | C1: Gene | D1: Level of Evidence | E1: Level Override | F1: Level Modifiers | G1: Score | H1: Phenotype Category | I1: PMID Count | J1: Evidence Count | K1: Drug(s) | L1: Phenotype(s) | M1: Latest History Date (YYYY-MM-DD) | N1: URL | O1: Clinical Annotation ID | P1: Genotype/Allele | Q1: Annotation Text | R1: Allele Function
A2: 1448522784 | B2: rs9304742 | C2: ZNF816 | D2: 3 | E2: . | F2: . | G2: 2.5 | H2: Efficacy | I2: 1 | J2: 1 | K2: Tumor necrosis factor alpha (TNF-alpha) inhibitors | L2: Psoriasis | M2: 44279 | N2: https://www.pharmgkb.org/clinicalAnnotation/1448522784 | O2: 1448522784 | P2: CC | Q2: Patients with the CC genotype and psoriasis may have a poorer response to treatment with anti-TNF drugs as compared to patients with the CT or TT genotype. Other genetic and clinical factors may also influence response to anti-TNF drugs. | R2: .
A3: 1448522784 | B3: rs9304742 | C3: ZNF816 | D3: 3 | E3: . | F3: . | G3: 2.5 | H3: Efficacy | I3: 1 | J3: 1 | K3: Tumor necrosis factor alpha (TNF-alpha) inhibitors | L3: Psoriasis | M3: 44279 | N3: https://www.pharmgkb.org/clinicalAnnotation/1448522784 | O3: 1448522784 | P3: CT | Q3: Patients with the CT genotype and psoriasis may have a better response to treatment with anti-TNF drugs as compared to patients with the CC genotype. Other genetic and clinical factors may also influence response to anti-TNF drugs. | R3: .
A4: 1448522784 | B4: rs9304742 | C4: ZNF816 | D4: 3 | E4: . | F4: . | G4: 2.5 | H4: Efficacy | I4: 1 | J4: 1 | K4: Tumor necrosis factor alpha (TNF-alpha) inhibitors | L4: Psoriasis | M4: 44279 | N4: https://www.pharmgkb.org/clinicalAnnotation/1448522784 | O4: 1448522784 | P4: TT | Q4: Patients with the TT genotype and psoriasis may have a better response to treatment with anti-TNF drugs as compared to patients with the CC genotype. Other genetic and clinical factors may also influence response to anti-TNF drugs. | R4: .
A5: 1183614711 | B5: rs1344706 | C5: ZNF804A | D5: 3 | E5: . | F5: . | G5: 2 | H5: Efficacy | I5: 1 | J5: 1 | K5: antipsychotics | L5: Schizophrenia | M5: 44279 | N5: https://www.pharmgkb.org/clinicalAnnotation/1183614711 | O5: 1183614711 | P5: AA | Q5: Patients with the AA genotype and schizophrenia may have a poorer response when treated with antipsychotics as compared to patients with the AC or CC genotype. Other genetic and clinical factors may also influence response to antipsychotics. | R5: .
A6: 1183614711 | B6: rs1344706 | C6: ZNF804A | D6: 3 | E6: . | F6: . | G6: 2 | H6: Efficacy | I6: 1 | J6: 1 | K6: antipsychotics | L6: Schizophrenia | M6: 44279 | N6: https://www.pharmgkb.org/clinicalAnnotation/1183614711 | O6: 1183614711 | P6: AC | Q6: Patients with the AC genotype and schizophrenia may have a better response when treated with antipsychotics as compared to patients with the AA genotype. Other genetic and clinical factors may also influence response to antipsychotics. | R6: .
A7: 1183614711 | B7: rs1344706 | C7: ZNF804A | D7: 3 | E7: . | F7: . | G7: 2 | H7: Efficacy | I7: 1 | J7: 1 | K7: antipsychotics | L7: Schizophrenia | M7: 44279 | N7: https://www.pharmgkb.org/clinicalAnnotation/1183614711 | O7: 1183614711 | P7: CC | Q7: Patients with the CC genotype and schizophrenia may have a better response when treated with antipsychotics as compared to patients with the AA genotype. Other genetic and clinical factors may also influence response to antipsychotics. | R7: .
A8: 1449144346 | B8: rs62200793 | C8: ZNF804A | D8: 3 | E8: . | F8: . | G8: 0 | H8: Efficacy | I8: 1 | J8: 1 | K8: lithium | L8: Bipolar Disorder | M8: 44279 | N8: https://www.pharmgkb.org/clinicalAnnotation/1449144346 | O8: 1449144346 | P8: CC | Q8: Patients with the CC genotype and bipolar affective disorder may have a decreased response to lithium as compared to patients with the CT or TT genotypes. Other genetic and clinical factors may also influence a patient's response to lithium when treating bipolar affective disorder. | R8: .
A9: 1449144346 | B9: rs62200793 | C9: ZNF804A | D9: 3 | E9: . | F9: . | G9: 0 | H9: Efficacy | I9: 1 | J9: 1 | K9: lithium | L9: Bipolar Disorder | M9: 44279 | N9: https://www.pharmgkb.org/clinicalAnnotation/1449144346 | O9: 1449144346 | P9: CT | Q9: Patients with the CT genotype and bipolar affective disorder may have a decreased response to lithium as compared to patients with the TT genotype, but an increased response as compared to patients with the CC genotype. Other genetic and clinical factors may also influence a patient's response to lithium when treating bipolar affective disorder. | R9: .
A10: 1449144346 | B10: rs62200793 | C10: ZNF804A | D10: 3 | E10: . | F10: . | G10: 0 | H10: Efficacy | I10: 1 | J10: 1 | K10: lithium | L10: Bipolar Disorder | M10: 44279 | N10: https://www.pharmgkb.org/clinicalAnnotation/1449144346 | O10: 1449144346 | P10: TT | Q10: Patients with the TT genotype and bipolar affective disorder may have an increased response to lithium as compared to patients with the CT or CC genotypes. Other genetic and clinical factors may also influence a patient's response to lithium when treating bipolar affective disorder. | R10: .
A11: 1451403476 | B11: rs7597593 | C11: ZNF804A | D11: 3 | E11: . | F11: . | G11: 2 | H11: Toxicity | I11: 1 | J11: 1 | K11: opioids | L11: Opioid-Related Disorders | M11: 44291 | N11: https://www.pharmgkb.org/clinicalAnnotation/1451403476 | O11: 1451403476 | P11: CC | Q11: Patients with the rs7597593 CC genotype may have an increased risk of developing opioid dependence when exposed to opioids as compared to patients with the CT or TT genotypes. Other genetic and clinical factors may also influence risk of developing opioid dependence. | R11: .
A12: 1451403476 | B12: rs7597593 | C12: ZNF804A | D12: 3 | E12: . | F12: . | G12: 2 | H12: Toxicity | I12: 1 | J12: 1 | K12: opioids | L12: Opioid-Related Disorders | M12: 44291 | N12: https://www.pharmgkb.org/clinicalAnnotation/1451403476 | O12: 1451403476 | P12: CT | Q12: Patients with the rs7597593 CT genotype may have a decreased risk of developing opioid dependence when exposed to opioids as compared to patients with the CC genotype. Other genetic and clinical factors may also influence risk of developing opioid dependence. | R12: .
A13: 1451403476 | B13: rs7597593 | C13: ZNF804A | D13: 3 | E13: . | F13: . | G13: 2 | H13: Toxicity | I13: 1 | J13: 1 | K13: opioids | L13: Opioid-Related Disorders | M13: 44291 | N13: https://www.pharmgkb.org/clinicalAnnotation/1451403476 | O13: 1451403476 | P13: TT | Q13: Patients with the rs7597593 TT genotype may have a decreased risk of developing opioid dependence when exposed to opioids as compared to patients with the CC genotype. Other genetic and clinical factors may also influence risk of developing opioid dependence. | R13: .
... A121: 1449718331 | B121: rs25487 | C121: XRCC1 | D121: 3 | E121: . | F121: . | G121: 2.75 | H121: Toxicity | I121: 1 | J121: 1 | K121: cyclophosphamide;doxorubicin;fluorouracil | L121: Breast Neoplasms | M121: 44279 | N121: https://www.pharmgkb.org/clinicalAnnotation/1449718331 | O121: 1449718331 | P121: TT | Q121: Patients with the TT genotype and breast cancer may have an increased risk for nausea when treated with cyclophosphamide, doxorubicin and fluorouracil (FAC) as compared to patients with the CC genotype. Other genetic and clinical factors may also influence risk for nausea in patients taking FAC chemotherapy. | R121: .
A122: 655386657 | B122: rs25487 | C122: XRCC1 | D122: 2B | E122: . | F122: . | G122: 11.25 | H122: Efficacy | I122: 16 | J122: 19 | K122: Platinum compounds | L122: Neoplasms | M122: 44279 | N122: https://www.pharmgkb.org/clinicalAnnotation/655386657 | O122: 655386657 | P122: CC | Q122: Patients with cancer and the rs25487 CC genotype may have increased response when treated with platinum-based therapies as compared to patients with the CT or TT genotype. However, conflicting evidence has been reported. Other genetic and clinical factors may also influence response to platinum-based regimens. | R122: .
A123: 655386657 | B123: rs25487 | C123: XRCC1 | D123: 2B | E123: . | F123: . | G123: 11.25 | H123: Efficacy | I123: 16 | J123: 19 | K123: Platinum compounds | L123: Neoplasms | M123: 44279 | N123: https://www.pharmgkb.org/clinicalAnnotation/655386657 | O123: 655386657 | P123: CT | Q123: Patients with cancer and the rs25487 CT genotype may have decreased response when treated with platinum-based therapies as compared to patients with the CC genotype. However, conflicting evidence has been reported. Other genetic and clinical factors may also influence response to platinum-based regimens. | R123: .
A124: 655386657 | B124: rs25487 | C124: XRCC1 | D124: 2B | E124: . | F124: . | G124: 11.25 | H124: Efficacy | I124: 16 | J124: 19 | K124: Platinum compounds | L124: Neoplasms | M124: 44279 | N124: https://www.pharmgkb.org/clinicalAnnotation/655386657 | O124: 655386657 | P124: TT | Q124: Patients with cancer and the rs25487 TT genotype may have decreased response when treated with platinum-based therapies as compared to patients with the CC genotype. However, conflicting evidence has been reported. Other genetic and clinical factors may also influence response to platinum-based regimens. | R124: .
A125: 1449003956 | B125: rs11125883 | C125: XPO1 | D125: 3 | E125: . | F125: . | G125: 0.75 | H125: Toxicity | I125: 2 | J125: 2 | K125: isoniazid | L125: drug-induced liver injury;Toxic liver disease | M125: 44279 | N125: https://www.pharmgkb.org/clinicalAnnotation/1449003956 | O125: 1449003956 | P125: AA | Q125: Patients with the AA genotype who are taking isoniazid may have an increased risk of drug-induced liver injury as compared to patients with the AC or CC genotypes. However, another study found no association between this variant and the risk of drug-induced liver injury when taking isoniazid. Other genetic and clinical factors may also influence risk of drug-induced liver injury in patients taking isoniazid. | R125: .
A126: 1449003956 | B126: rs11125883 | C126: XPO1 | D126: 3 | E126: . | F126: . | G126: 0.75 | H126: Toxicity | I126: 2 | J126: 2 | K126: isoniazid | L126: drug-induced liver injury;Toxic liver disease | M126: 44279 | N126: https://www.pharmgkb.org/clinicalAnnotation/1449003956 | O126: 1449003956 | P126: AC | Q126: Patients with the AC genotype who are taking isoniazid may have decreased risk of drug-induced liver injury as compared to patients with the AA genotype. However, another study found no association between this variant and the risk of drug-induced liver injury when taking isoniazid. Other genetic and clinical factors may also influence risk of drug-induced liver injury in patients taking isoniazid. | R126: .
A127: 1449003956 | B127: rs11125883 | C127: XPO1 | D127: 3 | E127: . | F127: . | G127: 0.75 | H127: Toxicity | I127: 2 | J127: 2 | K127: isoniazid | L127: drug-induced liver injury;Toxic liver disease | M127: 44279 | N127: https://www.pharmgkb.org/clinicalAnnotation/1449003956 | O127: 1449003956 | P127: CC | Q127: Patients with the CC genotype who are taking isoniazid may have decreased risk of drug-induced liver injury as compared to patients with the AA genotype. However, another study found no association between this variant and the risk of drug-induced liver injury when taking isoniazid. Other genetic and clinical factors may also influence risk of drug-induced liver injury in patients taking isoniazid. | R127: .
A128: 1450935917 | B128: rs4430924 | C128: XPO1 | D128: 3 | E128: . | F128: . | G128: 2.25 | H128: Toxicity | I128: 1 | J128: 1 | K128: Drugs For Treatment Of Tuberculosis | L128: Drug Toxicity;Tuberculosis | M128: 44279 | N128: https://www.pharmgkb.org/clinicalAnnotation/1450935917 | O128: 1450935917 | P128: AA | Q128: Patients with the AA genotype may be at an increased risk of developing hepatotoxicity when treated with anti-tuberculosis (anti-TB) drugs as compared to patients with the AG or GG genotypes. Note that this association was only observed in a subgroup analysis of patients with probable hepatotoxicity. Other genetic and clinical factors may also affect a patient's risk of developing anti-TB drug-induced hepatotoxicity. | R128: .
A129: 1450935917 | B129: rs4430924 | C129: XPO1 | D129: 3 | E129: . | F129: . | G129: 2.25 | H129: Toxicity | I129: 1 | J129: 1 | K129: Drugs For Treatment Of Tuberculosis | L129: Drug Toxicity;Tuberculosis | M129: 44279 | N129: https://www.pharmgkb.org/clinicalAnnotation/1450935917 | O129: 1450935917 | P129: AG | Q129: Patients with the AG genotype may be at a decreased risk of developing hepatotoxicity when treated with anti-tuberculosis (anti-TB) drugs as compared to patients with the AA genotype. Note that this association was only observed in a subgroup analysis of patients with probable hepatotoxicity. Other genetic and clinical factors may also affect a patient's risk of developing anti-TB drug-induced hepatotoxicity. | R129: .
A130: 1450935917 | B130: rs4430924 | C130: XPO1 | D130: 3 | E130: . | F130: . | G130: 2.25 | H130: Toxicity | I130: 1 | J130: 1 | K130: Drugs For Treatment Of Tuberculosis | L130: Drug Toxicity;Tuberculosis | M130: 44279 | N130: https://www.pharmgkb.org/clinicalAnnotation/1450935917 | O130: 1450935917 | P130: GG | Q130: Patients with the GG genotype may be at a decreased risk of developing hepatotoxicity when treated with anti-tuberculosis (anti-TB) drugs as compared to patients with the AA genotype. Note that this association was only observed in a subgroup analysis of patients with probable hepatotoxicity. Other genetic and clinical factors may also affect a patient's risk of developing anti-TB drug-induced hepatotoxicity. | R130: .
A131: 1451261620 | B131: rs3788853 | C131: XPNPEP2 | D131: 2B | E131: . | F131: . | G131: 8.25 | H131: Toxicity | I131: 3 | J131: 3 | K131: Ace Inhibitors, Plain | L131: Angioedema | M131: 44279 | N131: https://www.pharmgkb.org/clinicalAnnotation/1451261620 | O131: 1451261620 | P131: A | Q131: Patients with one X-chromosome and the rs3788853 A genotype may have increased likelihood of angioedema when treated with ace inhibitors as compared to patients with the C or CC genotypes. Other genetic and clinical factors may also influence ace inhibitor associated angioedema. | R131: .
A132: 1451261620 | B132: rs3788853 | C132: XPNPEP2 | D132: 2B | E132: . | F132: . | G132: 8.25 | H132: Toxicity | I132: 3 | J132: 3 | K132: Ace Inhibitors, Plain | L132: Angioedema | M132: 44279 | N132: https://www.pharmgkb.org/clinicalAnnotation/1451261620 | O132: 1451261620 | P132: AA | Q132: Patients with two X-chromosomes and the rs3788853 AA genotype may have increased likelihood of angioedema when treated with ace inhibitors as compared to patients with the CC genotype. This gene is on the X chromosome therefore some individuals may have only one allele. Other genetic and clinical factors may also influence ace inhibitor associated angioedema. | R132: .
A133: 1451261620 | B133: rs3788853 | C133: XPNPEP2 | D133: 2B | E133: . | F133: . | G133: 8.25 | H133: Toxicity | I133: 3 | J133: 3 | K133: Ace Inhibitors, Plain | L133: Angioedema | M133: 44279 | N133: https://www.pharmgkb.org/clinicalAnnotation/1451261620 | O133: 1451261620 | P133: AC | Q133: Patients with two X-chromosomes and the rs3788853 AC genotype may have decreased likelihood of angioedema when treated with ace inhibitors as compared to patients with the A or AA genotype. This gene is on the X chromosome therefore some individuals may have only one allele. Other genetic and clinical factors may also influence ace inhibitor associated angioedema. | R133: .
A134: 1451261620 | B134: rs3788853 | C134: XPNPEP2 | D134: 2B | E134: . | F134: . | G134: 8.25 | H134: Toxicity | I134: 3 | J134: 3 | K134: Ace Inhibitors, Plain | L134: Angioedema | M134: 44279 | N134: https://www.pharmgkb.org/clinicalAnnotation/1451261620 | O134: 1451261620 | P134: C | Q134: Patients with one X-chromosome and the rs3788853 C genotype may have decreased likelihood of angioedema when treated with ace inhibitors as compared to patients with the A genotype. Other genetic and clinical factors may also influence ace inhibitor associated angioedema. | R134: .
A135: 1451261620 | B135: rs3788853 | C135: XPNPEP2 | D135: 2B | E135: . | F135: . | G135: 8.25 | H135: Toxicity | I135: 3 | J135: 3 | K135: Ace Inhibitors, Plain | L135: Angioedema | M135: 44279 | N135: https://www.pharmgkb.org/clinicalAnnotation/1451261620 | O135: 1451261620 | P135: CC | Q135: Patients with two X-chromosomes and the rs3788853 CC genotype may have decreased likelihood of angioedema when treated with ace inhibitors as compared to patients with the AA genotype. This gene is on the X chromosome therefore some individuals may have only one allele. Other genetic and clinical factors may also influence ace inhibitor associated angioedema. | R135: .
A136: 1449146785 | B136: rs2228000 | C136: XPC | D136: 3 | E136: . | F136: . | G136: 1.5 | H136: Toxicity | I136: 1 | J136: 2 | K136: Platinum compounds | L136: Carcinoma, Non-Small-Cell Lung;gastrointestinal toxicity;Hematologic Diseases;Leukopenia | M136: 44279 | N136: https://www.pharmgkb.org/clinicalAnnotation/1449146785 | O136: 1449146785 | P136: AA | Q136: Patients with non-small cell lung cancer and the AA genotype who are treated with platinum-based chemotherapy may have a decreased risk of hematologic toxicity, leukopenia, and GI toxicity as compared to patients with the GG genotype. There is no known association with risk of neutropenia, thrombocytopenia, or anemia. Other clinical and genetic factors may also influence risk of hematologic toxicity, leukopenia, and GI toxicity in patients with non-small cell lung cancer who are treated with platinum-based chemotherapy. | R136: .
A137: 1449146785 | B137: rs2228000 | C137: XPC | D137: 3 | E137: . | F137: . | G137: 1.5 | H137: Toxicity | I137: 1 | J137: 2 | K137: Platinum compounds | L137: Carcinoma, Non-Small-Cell Lung;gastrointestinal toxicity;Hematologic Diseases;Leukopenia | M137: 44279 | N137: https://www.pharmgkb.org/clinicalAnnotation/1449146785 | O137: 1449146785 | P137: AG | Q137: Patients with non-small cell lung cancer and the AG genotype who are treated with platinum-based chemotherapy may have a decreased risk of hematologic toxicity, leukopenia, and GI toxicity as compared to patients with the GG genotype. There is no known association with risk of neutropenia, thrombocytopenia, or anemia. Other clinical and genetic factors may also influence risk of hematologic toxicity, leukopenia, and GI toxicity in patients with non-small cell lung cancer who are treated with platinum-based chemotherapy. | R137: .
A138: 1449146785 | B138: rs2228000 | C138: XPC | D138: 3 | E138: . | F138: . | G138: 1.5 | H138: Toxicity | I138: 1 | J138: 2 | K138: Platinum compounds | L138: Carcinoma, Non-Small-Cell Lung;gastrointestinal toxicity;Hematologic Diseases;Leukopenia | M138: 44279 | N138: https://www.pharmgkb.org/clinicalAnnotation/1449146785 | O138: 1449146785 | P138: GG | Q138: Patients with non-small cell lung cancer and the GG genotype who are treated with platinum-based chemotherapy may have an increased risk of hematologic toxicity, leukopenia, and GI toxicity as compared to patients with the AA or AG genotypes. There is no known association with risk of neutropenia, thrombocytopenia, or anemia. Other clinical and genetic factors may also influence risk of hematologic toxicity, leukopenia, and GI toxicity in patients with non-small cell lung cancer who are treated with platinum-based chemotherapy. | R138: .
A139: 655386612 | B139: rs2228001 | C139: XPC | D139: 3 | E139: . | F139: . | G139: 0.75 | H139: Toxicity | I139: 2 | J139: 2 | K139: cisplatin | L139: Neoplasms;Osteosarcoma;Ototoxicity;Testicular Neoplasms | M139: 44279 | N139: https://www.pharmgkb.org/clinicalAnnotation/655386612 | O139: 655386612 | P139: GG | Q139: Patients with the GG genotype may have an increased risk for ototoxicity with cisplatin treatment as compared to patients with the TT genotype. However, another study failed to find this association. Other genetic and clinical factors may also influence a patient's risk for ototoxicity when treated with cisplatin. | R139: .
A140: 655386612 | B140: rs2228001 | C140: XPC | D140: 3 | E140: . | F140: . | G140: 0.75 | H140: Toxicity | I140: 2 | J140: 2 | K140: cisplatin | L140: Neoplasms;Osteosarcoma;Ototoxicity;Testicular Neoplasms | M140: 44279 | N140: https://www.pharmgkb.org/clinicalAnnotation/655386612 | O140: 655386612 | P140: GT | Q140: Patients with the GT genotype may have an increased risk for ototoxicity with cisplatin treatment as compared to patients with the TT genotype. However, another study failed to find this association. Other genetic and clinical factors may also influence a patient's risk for ototoxicity when treated with cisplatin. | R140: .
A141: 655386612 | B141: rs2228001 | C141: XPC | D141: 3 | E141: . | F141: . | G141: 0.75 | H141: Toxicity | I141: 2 | J141: 2 | K141: cisplatin | L141: Neoplasms;Osteosarcoma;Ototoxicity;Testicular Neoplasms | M141: 44279 | N141: https://www.pharmgkb.org/clinicalAnnotation/655386612 | O141: 655386612 | P141: TT | Q141: Patients with the TT genotype may have a decreased, but not non-existent, risk for ototoxicity with cisplatin treatment as compared to patients with the GG or GT genotypes. However, another study failed to find this association. Other genetic and clinical factors may also influence a patient's risk for ototoxicity when treated with cisplatin. | R141: .
A142: 1444666601 | B142: rs1800975 | C142: XPA | D142: 3 | E142: . | F142: . | G142: 2.25 | H142: Efficacy | I142: 1 | J142: 1 | K142: Platinum compounds | L142: Carcinoma, Non-Small-Cell Lung | M142: 44279 | N142: https://www.pharmgkb.org/clinicalAnnotation/1444666601 | O142: 1444666601 | P142: CC | Q142: Patients with the CC genotype and non-small-cell lung cancer may have a better response to treatment with platinum-based chemotherapy as compared to patients with the CT or TT genotype. Other genetic and clinical factors may also influence response to platinum-based chemotherapy. | R142: .
A143: 1444666601 | B143: rs1800975 | C143: XPA | D143: 3 | E143: . | F143: . | G143: 2.25 | H143: Efficacy | I143: 1 | J143: 1 | K143: Platinum compounds | L143: Carcinoma, Non-Small-Cell Lung | M143: 44279 | N143: https://www.pharmgkb.org/clinicalAnnotation/1444666601 | O143: 1444666601 | P143: CT | Q143: Patients with the CT genotype and non-small-cell lung cancer may have a poorer response to treatment with platinum-based chemotherapy as compared to patients with the CC genotype. Other genetic and clinical factors may also influence response to platinum-based chemotherapy. | R143: .
A144: 1444666601 | B144: rs1800975 | C144: XPA | D144: 3 | E144: . | F144: . | G144: 2.25 | H144: Efficacy | I144: 1 | J144: 1 | K144: Platinum compounds | L144: Carcinoma, Non-Small-Cell Lung | M144: 44279 | N144: https://www.pharmgkb.org/clinicalAnnotation/1444666601 | O144: 1444666601 | P144: TT | Q144: Patients with the TT genotype and non-small-cell lung cancer may have a poorer response to treatment with platinum-based chemotherapy as compared to patients with the CC genotype. Other genetic and clinical factors may also influence response to platinum-based chemotherapy. | R144: .
A145: 1450930536 | B145: rs7606603 | C145: XIRP2 | D145: 3 | E145: . | F145: . | G145: 2.25 | H145: Efficacy | I145: 1 | J145: 1 | K145: atenolol | L145: Hypertension | M145: 44279 | N145: https://www.pharmgkb.org/clinicalAnnotation/1450930536 | O145: 1450930536 | P145: CC | Q145: Patients with hypertension and the CC genotype may have a decreased systolic blood pressure response to atenolol as compared to patients with the TT genotype. Other genetic and clinical factors may also affect a patient's response to atenolol. | R145: .
A146: 1450930536 | B146: rs7606603 | C146: XIRP2 | D146: 3 | E146: . | F146: . | G146: 2.25 | H146: Efficacy | I146: 1 | J146: 1 | K146: atenolol | L146: Hypertension | M146: 44279 | N146: https://www.pharmgkb.org/clinicalAnnotation/1450930536 | O146: 1450930536 | P146: CT | Q146: Patients with hypertension and the CT genotype may have a decreased systolic blood pressure response to atenolol as compared to patients with the TT genotype. Other genetic and clinical factors may also affect a patient's response to atenolol. | R146: .
A147: 1450930536 | B147: rs7606603 | C147: XIRP2 | D147: 3 | E147: . | F147: . | G147: 2.25 | H147: Efficacy | I147: 1 | J147: 1 | K147: atenolol | L147: Hypertension | M147: 44279 | N147: https://www.pharmgkb.org/clinicalAnnotation/1450930536 | O147: 1450930536 | P147: TT | Q147: Patients with hypertension and the TT genotype may have an increased systolic blood pressure response to atenolol as compared to patients with the CC or CT genotypes. Other genetic and clinical factors may also affect a patient's response to atenolol. | R147: .
... A201: 982035482 | B201: rs17880887 | C201: VKORC1 | D201: 3 | E201: . | F201: Tier 1 VIP | G201: 2.25 | H201: Dosage | I201: 1 | J201: 1 | K201: warfarin | L201: . | M201: 44279 | N201: https://www.pharmgkb.org/clinicalAnnotation/982035482 | O201: 982035482 | P201: TT | Q201: Patients with the TT genotype may require higher dose of warfarin as compared to patients with the GG genotype. Other genetic and clinical factors may also influence warfarin dose. This variant rs17880887 is part of VKORC1 H8 and H9 haplotypes. | R201: .
A202: 655385024 | B202: rs2359612 | C202: VKORC1 | D202: 1B | E202: . | F202: Tier 1 VIP | G202: 38.25 | H202: Dosage | I202: 14 | J202: 15 | K202: warfarin | L202: . | M202: 44519 | N202: https://www.pharmgkb.org/clinicalAnnotation/655385024 | O202: 655385024 | P202: AA | Q202: Patients with the rs2359612 AA genotype may require a decreased dose of warfarin as compared to patients with the GG genotype. Other genetic and clinical factors may also influence dose of warfarin. | R202: .
A203: 655385024 | B203: rs2359612 | C203: VKORC1 | D203: 1B | E203: . | F203: Tier 1 VIP | G203: 38.25 | H203: Dosage | I203: 14 | J203: 15 | K203: warfarin | L203: . | M203: 44519 | N203: https://www.pharmgkb.org/clinicalAnnotation/655385024 | O203: 655385024 | P203: AG | Q203: Patients with the rs2359612 AG genotype may require a decreased dose of warfarin as compared to patients with the GG genotype. Other genetic and clinical factors may also influence dose of warfarin. | R203: .
A204: 655385024 | B204: rs2359612 | C204: VKORC1 | D204: 1B | E204: . | F204: Tier 1 VIP | G204: 38.25 | H204: Dosage | I204: 14 | J204: 15 | K204: warfarin | L204: . | M204: 44519 | N204: https://www.pharmgkb.org/clinicalAnnotation/655385024 | O204: 655385024 | P204: GG | Q204: Patients with the rs2359612 GG genotype may require an increased dose of warfarin as compared to patients with the AG or AA genotype. Other genetic and clinical factors may also influence dose of warfarin. | R204: .
A205: 982035703 | B205: rs2884737 | C205: VKORC1 | D205: 2A | E205: . | F205: Tier 1 VIP | G205: 11.25 | H205: Dosage | I205: 5 | J205: 5 | K205: warfarin | L205: . | M205: 44279 | N205: https://www.pharmgkb.org/clinicalAnnotation/982035703 | O205: 982035703 | P205: AA | Q205: Patients with the rs2884737 AA genotype may require higher dose of warfarin as compared to patients with the CC genotype. Other clinical and genetic factors may also influence warfarin dosage requirements. | R205: .
A206: 982035703 | B206: rs2884737 | C206: VKORC1 | D206: 2A | E206: . | F206: Tier 1 VIP | G206: 11.25 | H206: Dosage | I206: 5 | J206: 5 | K206: warfarin | L206: . | M206: 44279 | N206: https://www.pharmgkb.org/clinicalAnnotation/982035703 | O206: 982035703 | P206: AC | Q206: Patients with the rs2884737 AC genotype may require higher dose of warfarin as compared to patients with the CC genotype. Other clinical and genetic factors may also influence warfarin dosage requirements. | R206: .
A207: 982035703 | B207: rs2884737 | C207: VKORC1 | D207: 2A | E207: . | F207: Tier 1 VIP | G207: 11.25 | H207: Dosage | I207: 5 | J207: 5 | K207: warfarin | L207: . | M207: 44279 | N207: https://www.pharmgkb.org/clinicalAnnotation/982035703 | O207: 982035703 | P207: CC | Q207: Patients with the rs2884737 CC genotype may require lower dose of warfarin as compared to patients with the AA genotype. Other clinical and genetic factors may also influence warfarin dosage requirements. | R207: .
A208: 1185002363 | B208: rs55894764 | C208: VKORC1 | D208: 3 | E208: . | F208: Tier 1 VIP | G208: 3 | H208: Dosage | I208: 1 | J208: 1 | K208: acenocoumarol | L208: . | M208: 44279 | N208: https://www.pharmgkb.org/clinicalAnnotation/1185002363 | O208: 1185002363 | P208: CC | Q208: Patients with the CC genotype may require decreased dose of acenocoumarol as compared to patients with the TT or CT genotype. Other clinical or genetic factors may also influence acenocoumarol dose. | R208: .
A209: 1185002363 | B209: rs55894764 | C209: VKORC1 | D209: 3 | E209: . | F209: Tier 1 VIP | G209: 3 | H209: Dosage | I209: 1 | J209: 1 | K209: acenocoumarol | L209: . | M209: 44279 | N209: https://www.pharmgkb.org/clinicalAnnotation/1185002363 | O209: 1185002363 | P209: CT | Q209: Patients with the CT genotype may require increased dose of acenocoumarol as compared to patients with the CC genotype. Other clinical or genetic factors may also influence acenocoumarol dose. | R209: .
A210: 1185002363 | B210: rs55894764 | C210: VKORC1 | D210: 3 | E210: . | F210: Tier 1 VIP | G210: 3 | H210: Dosage | I210: 1 | J210: 1 | K210: acenocoumarol | L210: . | M210: 44279 | N210: https://www.pharmgkb.org/clinicalAnnotation/1185002363 | O210: 1185002363 | P210: TT | Q210: Patients with the TT genotype may require increased dose of acenocoumarol as compared to patients with the CC genotype. Other clinical or genetic factors may also influence acenocoumarol dose. | R210: .
A211: 1043880402 | B211: rs61162043 | C211: VKORC1 | D211: 3 | E211: . | F211: Tier 1 VIP | G211: 2.75 | H211: Dosage | I211: 1 | J211: 1 | K211: warfarin | L211: . | M211: 44279 | N211: https://www.pharmgkb.org/clinicalAnnotation/1043880402 | O211: 1043880402 | P211: AA | Q211: Patients with the AA genotype may require decreased dose of warfarin as compared to patients with the GG or AG genotype. Other clinical or genetic factors may also influence warfarin dose. | R211: .
A212: 1043880402 | B212: rs61162043 | C212: VKORC1 | D212: 3 | E212: . | F212: Tier 1 VIP | G212: 2.75 | H212: Dosage | I212: 1 | J212: 1 | K212: warfarin | L212: . | M212: 44279 | N212: https://www.pharmgkb.org/clinicalAnnotation/1043880402 | O212: 1043880402 | P212: AG | Q212: Patients with the AG genotype may require increased dose of warfarin as compared to patients with the AA genotype. Other clinical or genetic factors may also influence warfarin dose. | R212: .
A213: 1043880402 | B213: rs61162043 | C213: VKORC1 | D213: 3 | E213: . | F213: Tier 1 VIP | G213: 2.75 | H213: Dosage | I213: 1 | J213: 1 | K213: warfarin | L213: . | M213: 44279 | N213: https://www.pharmgkb.org/clinicalAnnotation/1043880402 | O213: 1043880402 | P213: GG | Q213: Patients with the GG genotype may require increased dose of warfarin as compared to patients with the AA genotype. Other clinical or genetic factors may also influence warfarin dose. | R213: .
A214: 1183703748 | B214: rs61742245 | C214: VKORC1 | D214: 2A | E214: . | F214: Rare Variant; Tier 1 VIP | G214: 7.25 | H214: Dosage | I214: 6 | J214: 6 | K214: warfarin | L214: . | M214: 44518 | N214: https://www.pharmgkb.org/clinicalAnnotation/1183703748 | O214: 1183703748 | P214: AA | Q214: Patients with the rs61742245 AA genotype may require an increased dose of warfarin as compared to patients with the CC genotype. However, conflicting evidence has been reported. Other genetic and clinical factors may also influence the dose of warfarin. | R214: .
A215: 1183703748 | B215: rs61742245 | C215: VKORC1 | D215: 2A | E215: . | F215: Rare Variant; Tier 1 VIP | G215: 7.25 | H215: Dosage | I215: 6 | J215: 6 | K215: warfarin | L215: . | M215: 44518 | N215: https://www.pharmgkb.org/clinicalAnnotation/1183703748 | O215: 1183703748 | P215: AC | Q215: Patients with the rs61742245 AC genotype may require an increased dose of warfarin as compared to patients with the CC genotype. However, conflicting evidence has been reported. Other genetic and clinical factors may also influence the dose of warfarin. | R215: .
A216: 1183703748 | B216: rs61742245 | C216: VKORC1 | D216: 2A | E216: . | F216: Rare Variant; Tier 1 VIP | G216: 7.25 | H216: Dosage | I216: 6 | J216: 6 | K216: warfarin | L216: . | M216: 44518 | N216: https://www.pharmgkb.org/clinicalAnnotation/1183703748 | O216: 1183703748 | P216: CC | Q216: Patients with the rs61742245 CC genotype may have require a decreased dose of warfarin as compared to patients with the AA or AC genotypes. However, conflicting evidence has been reported. Other genetic and clinical factors may also influence the dose of warfarin. | R216: .
A217: 1185002357 | B217: rs61742245 | C217: VKORC1 | D217: 3 | E217: . | F217: Rare Variant; Tier 1 VIP | G217: 3 | H217: Dosage | I217: 1 | J217: 1 | K217: acenocoumarol | L217: . | M217: 44279 | N217: https://www.pharmgkb.org/clinicalAnnotation/1185002357 | O217: 1185002357 | P217: AA | Q217: Patients with the AA genotype may require increased dose of acenocoumarol as compared to patients with the CC genotype. Other clinical or genetic factors may also influence acenocoumarol dose. | R217: .
A218: 1185002357 | B218: rs61742245 | C218: VKORC1 | D218: 3 | E218: . | F218: Rare Variant; Tier 1 VIP | G218: 3 | H218: Dosage | I218: 1 | J218: 1 | K218: acenocoumarol | L218: . | M218: 44279 | N218: https://www.pharmgkb.org/clinicalAnnotation/1185002357 | O218: 1185002357 | P218: AC | Q218: Patients with the AC genotype may require increased dose of acenocoumarol as compared to patients with the CC genotype. Other clinical or genetic factors may also influence acenocoumarol dose. | R218: .
A219: 1185002357 | B219: rs61742245 | C219: VKORC1 | D219: 3 | E219: . | F219: Rare Variant; Tier 1 VIP | G219: 3 | H219: Dosage | I219: 1 | J219: 1 | K219: acenocoumarol | L219: . | M219: 44279 | N219: https://www.pharmgkb.org/clinicalAnnotation/1185002357 | O219: 1185002357 | P219: CC | Q219: Patients with the CC genotype may require decreased dose of acenocoumarol as compared to patients with the AA or AC genotype. Other clinical or genetic factors may also influence acenocoumarol dose. | R219: .
A220: 1184986386 | B220: rs7196161 | C220: VKORC1 | D220: 3 | E220: . | F220: Tier 1 VIP | G220: 3.5 | H220: Dosage | I220: 5 | J220: 5 | K220: warfarin | L220: . | M220: 44279 | N220: https://www.pharmgkb.org/clinicalAnnotation/1184986386 | O220: 1184986386 | P220: AA | Q220: Patients with the AA genotype may require an increased dose of warfarin as compared to patients with the AG and GG genotypes. Other clinical and genetic factors may also influence the dose of warfarin. | R220: .
A221: 1184986386 | B221: rs7196161 | C221: VKORC1 | D221: 3 | E221: . | F221: Tier 1 VIP | G221: 3.5 | H221: Dosage | I221: 5 | J221: 5 | K221: warfarin | L221: . | M221: 44279 | N221: https://www.pharmgkb.org/clinicalAnnotation/1184986386 | O221: 1184986386 | P221: AG | Q221: Patients with the AG genotype may require an increased dose of warfarin as compared to patients with the GG genotype and a decreased dose of warfarin as compared to patients with the AA genotype. Other clinical and genetic factors may also influence the dose of warfarin. | R221: .
A222: 1184986386 | B222: rs7196161 | C222: VKORC1 | D222: 3 | E222: . | F222: Tier 1 VIP | G222: 3.5 | H222: Dosage | I222: 5 | J222: 5 | K222: warfarin | L222: . | M222: 44279 | N222: https://www.pharmgkb.org/clinicalAnnotation/1184986386 | O222: 1184986386 | P222: GG | Q222: Patients with the GG genotype may require a decreased dose of warfarin as compared to patients with the AG and AA genotypes. Other clinical and genetic factors may also influence the dose of warfarin. | R222: .
A223: 1185002351 | B223: rs7200749 | C223: VKORC1 | D223: 3 | E223: . | F223: Tier 1 VIP | G223: 3 | H223: Dosage | I223: 1 | J223: 1 | K223: acenocoumarol | L223: . | M223: 44279 | N223: https://www.pharmgkb.org/clinicalAnnotation/1185002351 | O223: 1185002351 | P223: AA | Q223: Patients with the AA genotype may require increased dose of acenocoumarol as compared to patients with the GG genotype. Other clinical or genetic factors may also influence acenocoumarol dose. | R223: .
A224: 1185002351 | B224: rs7200749 | C224: VKORC1 | D224: 3 | E224: . | F224: Tier 1 VIP | G224: 3 | H224: Dosage | I224: 1 | J224: 1 | K224: acenocoumarol | L224: . | M224: 44279 | N224: https://www.pharmgkb.org/clinicalAnnotation/1185002351 | O224: 1185002351 | P224: AG | Q224: Patients with the AG genotype may require increased dose of acenocoumarol as compared to patients with the GG genotype. Other clinical or genetic factors may also influence acenocoumarol dose. | R224: .
A225: 1185002351 | B225: rs7200749 | C225: VKORC1 | D225: 3 | E225: . | F225: Tier 1 VIP | G225: 3 | H225: Dosage | I225: 1 | J225: 1 | K225: acenocoumarol | L225: . | M225: 44279 | N225: https://www.pharmgkb.org/clinicalAnnotation/1185002351 | O225: 1185002351 | P225: GG | Q225: Patients with the GG genotype may require decreased dose of acenocoumarol as compared to patients with the AA or AG genotype. Other clinical or genetic factors may also influence acenocoumarol dose. | R225: .
A226: 1185002307 | B226: rs7200749 | C226: VKORC1 | D226: 3 | E226: . | F226: Tier 1 VIP | G226: 2 | H226: Dosage | I226: 1 | J226: 1 | K226: warfarin | L226: . | M226: 44279 | N226: https://www.pharmgkb.org/clinicalAnnotation/1185002307 | O226: 1185002307 | P226: AA | Q226: Patients with the AA genotype may require increased dose of warfarin as compared to patients with the GG or AG genotype. Other clinical or genetic factors may also influence warfarin dose | R226: .
A227: 1185002307 | B227: rs7200749 | C227: VKORC1 | D227: 3 | E227: . | F227: Tier 1 VIP | G227: 2 | H227: Dosage | I227: 1 | J227: 1 | K227: warfarin | L227: . | M227: 44279 | N227: https://www.pharmgkb.org/clinicalAnnotation/1185002307 | O227: 1185002307 | P227: AG | Q227: Patients with the AG genotype may require increased dose of warfarin as compared to patients with the GG genotype. Other clinical or genetic factors may also influence warfarin dose | R227: .
A228: 1185002307 | B228: rs7200749 | C228: VKORC1 | D228: 3 | E228: . | F228: Tier 1 VIP | G228: 2 | H228: Dosage | I228: 1 | J228: 1 | K228: warfarin | L228: . | M228: 44279 | N228: https://www.pharmgkb.org/clinicalAnnotation/1185002307 | O228: 1185002307 | P228: GG | Q228: Patients with the GG genotype may require decreased dose of warfarin as compared to patients with the AA or AG genotype. Other clinical or genetic factors may also influence warfarin dose | R228: .
... A237: 1445585748 | B237: rs7294 | C237: VKORC1 | D237: 3 | E237: . | F237: Tier 1 VIP | G237: 2 | H237: Dosage | I237: 1 | J237: 1 | K237: acenocoumarol;phenprocoumon | L237: . | M237: 44279 | N237: https://www.pharmgkb.org/clinicalAnnotation/1445585748 | O237: 1445585748 | P237: TT | Q237: Patients with the TT genotype may require an increased dose of phenprocoumon or acenocoumarol as compared to patients with the CT or CC genotypes, although this has been contradicted in some studies. Other genetic and clinical factors may also influence a patient's phenprocoumon or acenocoumarol dose requirement. | R237: .
A238: 655384733 | B238: rs7294 | C238: VKORC1 | D238: 1B | E238: . | F238: Tier 1 VIP | G238: 43.25 | H238: Dosage | I238: 21 | J238: 22 | K238: warfarin | L238: . | M238: 44519 | N238: https://www.pharmgkb.org/clinicalAnnotation/655384733 | O238: 655384733 | P238: CC | Q238: Patients with the rs7294 CC genotype may require a lower dose of warfarin as compared to patients with the CT or TT genotype. However, conflicting evidence has been reported. Other genetic and clinical factors may also affect warfarin dose requirements. | R238: .
A239: 655384733 | B239: rs7294 | C239: VKORC1 | D239: 1B | E239: . | F239: Tier 1 VIP | G239: 43.25 | H239: Dosage | I239: 21 | J239: 22 | K239: warfarin | L239: . | M239: 44519 | N239: https://www.pharmgkb.org/clinicalAnnotation/655384733 | O239: 655384733 | P239: CT | Q239: Patients with the rs7294 CT genotype may require a higher dose of warfarin as compared to patients with the CC genotype. However, conflicting evidence has been reported. Other genetic and clinical factors may also affect warfarin dose requirements. | R239: .
A240: 655384733 | B240: rs7294 | C240: VKORC1 | D240: 1B | E240: . | F240: Tier 1 VIP | G240: 43.25 | H240: Dosage | I240: 21 | J240: 22 | K240: warfarin | L240: . | M240: 44519 | N240: https://www.pharmgkb.org/clinicalAnnotation/655384733 | O240: 655384733 | P240: TT | Q240: Patients with the rs7294 TT genotype may require a higher dose as compared to patients with the CC genotype. However, conflicting evidence has been reported. Other genetic and clinical factors may also affect warfarin dose requirements. | R240: .
A241: 655385028 | B241: rs8050894 | C241: VKORC1 | D241: 1B | E241: . | F241: Tier 1 VIP | G241: 27 | H241: Dosage | I241: 12 | J241: 12 | K241: warfarin | L241: . | M241: 44519 | N241: https://www.pharmgkb.org/clinicalAnnotation/655385028 | O241: 655385028 | P241: CC | Q241: Patients with the rs8050894 CC genotype may require a higher dose of warfarin as compared to patients with the CG or GG genotype. Other genetic and clinical factors may also influence warfarin dosage requirements. | R241: .
A242: 655385028 | B242: rs8050894 | C242: VKORC1 | D242: 1B | E242: . | F242: Tier 1 VIP | G242: 27 | H242: Dosage | I242: 12 | J242: 12 | K242: warfarin | L242: . | M242: 44519 | N242: https://www.pharmgkb.org/clinicalAnnotation/655385028 | O242: 655385028 | P242: CG | Q242: Patients with the rs8050894 CG genotype may require a lower dose of warfarin as compared to patients with the CC genotype. Other genetic and clinical factors may also influence warfarin dosage requirements. | R242: .
A243: 655385028 | B243: rs8050894 | C243: VKORC1 | D243: 1B | E243: . | F243: Tier 1 VIP | G243: 27 | H243: Dosage | I243: 12 | J243: 12 | K243: warfarin | L243: . | M243: 44519 | N243: https://www.pharmgkb.org/clinicalAnnotation/655385028 | O243: 655385028 | P243: GG | Q243: Patients with the rs8050894 GG genotype may require a lower dose of warfarin as compared to patients with the CC genotype. Other genetic and clinical factors may also influence warfarin dosage requirements. | R243: .
A244: 655385012 | B244: rs9923231 | C244: VKORC1 | D244: 1A | E244: . | F244: Tier 1 VIP | G244: 486.375 | H244: Dosage | I244: 86 | J244: 90 | K244: warfarin | L244: . | M244: 44519 | N244: https://www.pharmgkb.org/clinicalAnnotation/655385012 | O244: 655385012 | P244: CC | Q244: Patients with the rs9923231 CC genotype may require an increased dose of warfarin as compared to patients with the CT or TT genotype. Other genetic and clinical factors may also influence warfarin dose requirement. | R244: .
A245: 655385012 | B245: rs9923231 | C245: VKORC1 | D245: 1A | E245: . | F245: Tier 1 VIP | G245: 486.375 | H245: Dosage | I245: 86 | J245: 90 | K245: warfarin | L245: . | M245: 44519 | N245: https://www.pharmgkb.org/clinicalAnnotation/655385012 | O245: 655385012 | P245: CT | Q245: Patients with the rs9923231 CT genotype may require a decreased dose of warfarin as compared to patients with the CC genotype or an increased dose as compared to patients with the TT genotype. Other genetic and clinical factors may also influence warfarin dose requirement. | R245: .
A246: 655385012 | B246: rs9923231 | C246: VKORC1 | D246: 1A | E246: . | F246: Tier 1 VIP | G246: 486.375 | H246: Dosage | I246: 86 | J246: 90 | K246: warfarin | L246: . | M246: 44519 | N246: https://www.pharmgkb.org/clinicalAnnotation/655385012 | O246: 655385012 | P246: TT | Q246: Patients with the rs9923231 TT genotype may require a decreased dose of warfarin as compared to patients with the CC or CT genotype. Other genetic and clinical factors may also influence warfarin dose requirement. | R246: .
A247: 981204044 | B247: rs9923231 | C247: VKORC1 | D247: 1A | E247: . | F247: Tier 1 VIP | G247: 147.75 | H247: Dosage | I247: 20 | J247: 25 | K247: acenocoumarol | L247: . | M247: 44279 | N247: https://www.pharmgkb.org/clinicalAnnotation/981204044 | O247: 981204044 | P247: CC | Q247: Patients with the rs9923231 CC genotype may require an increased dose of acenocoumarol as compared to patients with the TT and CT genotypes. However, conflicting evidence has been reported. Other genetic and clinical factors may also influence acenocoumarol dose requirements. | R247: .
A248: 981204044 | B248: rs9923231 | C248: VKORC1 | D248: 1A | E248: . | F248: Tier 1 VIP | G248: 147.75 | H248: Dosage | I248: 20 | J248: 25 | K248: acenocoumarol | L248: . | M248: 44279 | N248: https://www.pharmgkb.org/clinicalAnnotation/981204044 | O248: 981204044 | P248: CT | Q248: Patients with the rs9923231 CT genotype may require a decreased dose of acenocoumarol as compared to patients with the CC genotype. However, conflicting evidence has been reported. Other genetic and clinical factors may also influence acenocoumarol dose requirements. | R248: .
A249: 981204044 | B249: rs9923231 | C249: VKORC1 | D249: 1A | E249: . | F249: Tier 1 VIP | G249: 147.75 | H249: Dosage | I249: 20 | J249: 25 | K249: acenocoumarol | L249: . | M249: 44279 | N249: https://www.pharmgkb.org/clinicalAnnotation/981204044 | O249: 981204044 | P249: TT | Q249: Patients with the rs9923231 TT genotype may require a decreased dose as of acenocoumarol compared to patients with the CC genotype. However, conflicting evidence has been reported. Other genetic and clinical factors may also influence acenocoumarol dose requirements. | R249: .
... A261: 1447673005 | B261: rs9923231 | C261: VKORC1 | D261: 1B | E261: . | F261: Tier 1 VIP | G261: 26 | H261: Toxicity | I261: 17 | J261: 17 | K261: warfarin | L261: over-anticoagulation | M261: 44279 | N261: https://www.pharmgkb.org/clinicalAnnotation/1447673005 | O261: 1447673005 | P261: TT | Q261: Patients with the rs9923231 TT genotype may have increased risk of over-anticoagulation when treated with warfarin as compared with patients with genotype CC. However, conflicting evidence has been reported. Other genetic and clinical factors may also influence the toxicity to warfarin. | R261: .
A262: 1451243628 | B262: rs9923231 | C262: VKORC1 | D262: 3 | E262: . | F262: Tier 1 VIP | G262: 7.25 | H262: Toxicity | I262: 7 | J262: 7 | K262: acenocoumarol | L262: Hemorrhage | M262: 44279 | N262: https://www.pharmgkb.org/clinicalAnnotation/1451243628 | O262: 1451243628 | P262: CC | Q262: Patients with the CC genotype who are treated with acenocoumarol may have a decreased risk of Hemorrhage as compared to the CT or TT genotypes. Other clinical and genetic factors may also influence risk of hemorrhage in patients administered acetacoumarol. | R262: .
A263: 1451243628 | B263: rs9923231 | C263: VKORC1 | D263: 3 | E263: . | F263: Tier 1 VIP | G263: 7.25 | H263: Toxicity | I263: 7 | J263: 7 | K263: acenocoumarol | L263: Hemorrhage | M263: 44279 | N263: https://www.pharmgkb.org/clinicalAnnotation/1451243628 | O263: 1451243628 | P263: CT | Q263: Patients with the CT genotype who are treated with acenocoumarol may have an increased risk of Hemorrhage as compared to the CC genotypes. Other clinical and genetic factors may also influence risk of hemorrhage in patients administered acetacoumarol. | R263: .
A264: 1451243628 | B264: rs9923231 | C264: VKORC1 | D264: 3 | E264: . | F264: Tier 1 VIP | G264: 7.25 | H264: Toxicity | I264: 7 | J264: 7 | K264: acenocoumarol | L264: Hemorrhage | M264: 44279 | N264: https://www.pharmgkb.org/clinicalAnnotation/1451243628 | O264: 1451243628 | P264: TT | Q264: Patients with the TT genotype who are treated with acenocoumarol may have an increased risk of Hemorrhage as compared to the CC genotypes. Other clinical and genetic factors may also influence risk of hemorrhage in patients administered acetacoumarol. | R264: .
A265: 1451237940 | B265: rs9923231 | C265: VKORC1 | D265: 1A | E265: . | F265: Tier 1 VIP | G265: 117 | H265: Dosage | I265: 10 | J265: 11 | K265: phenprocoumon | L265: . | M265: 44279 | N265: https://www.pharmgkb.org/clinicalAnnotation/1451237940 | O265: 1451237940 | P265: CC | Q265: Patients with the rs9923231 CC genotype may require a higher dose when treated with phenprocoumon as compared to patients with the TT or CT genotype. Other genetic and clinical factors may also influence phenprocoumon dose. | R265: .
A266: 1451237940 | B266: rs9923231 | C266: VKORC1 | D266: 1A | E266: . | F266: Tier 1 VIP | G266: 117 | H266: Dosage | I266: 10 | J266: 11 | K266: phenprocoumon | L266: . | M266: 44279 | N266: https://www.pharmgkb.org/clinicalAnnotation/1451237940 | O266: 1451237940 | P266: CT | Q266: Patients with the rs9923231 CT genotype may require a lower dose when treated with phenprocoumon as compared to patients with the CC genotype. Other genetic and clinical factors may also influence phenprocoumon dose. | R266: .
A267: 1451237940 | B267: rs9923231 | C267: VKORC1 | D267: 1A | E267: . | F267: Tier 1 VIP | G267: 117 | H267: Dosage | I267: 10 | J267: 11 | K267: phenprocoumon | L267: . | M267: 44279 | N267: https://www.pharmgkb.org/clinicalAnnotation/1451237940 | O267: 1451237940 | P267: TT | Q267: Patients with the rs9923231 TT genotype may require a lower dose when treated with phenprocoumon as compared to patients with the CC genotype. Other genetic and clinical factors may also influence phenprocoumon dose. | R267: .
A268: 1451243676 | B268: rs9923231 | C268: VKORC1 | D268: 2A | E268: . | F268: Tier 1 VIP | G268: 8.25 | H268: Toxicity | I268: 3 | J268: 4 | K268: phenprocoumon | L268: Hemorrhage;over-anticoagulation;time above therapeutic range | M268: 44279 | N268: https://www.pharmgkb.org/clinicalAnnotation/1451243676 | O268: 1451243676 | P268: CC | Q268: Patients with the CC genotype may have a decreased risk of adverse events (bleeding, over-anticoagulation or increased time above therapeutic range) when treated with phenprocoumon as compared to patients with the TT or CT genotype. Other clinical and genetic factors may also influence risk of adverse events to phenprocoumon. | R268: .
A269: 1451243676 | B269: rs9923231 | C269: VKORC1 | D269: 2A | E269: . | F269: Tier 1 VIP | G269: 8.25 | H269: Toxicity | I269: 3 | J269: 4 | K269: phenprocoumon | L269: Hemorrhage;over-anticoagulation;time above therapeutic range | M269: 44279 | N269: https://www.pharmgkb.org/clinicalAnnotation/1451243676 | O269: 1451243676 | P269: CT | Q269: Patients with the CT genotype may have an increased risk of adverse events (bleeding, over-anticoagulation or increased time above therapeutic range) when treated with phenprocoumon as compared to patients with the CC genotype. Other clinical and genetic factors may also influence risk of adverse events to phenprocoumon. | R269: .
A270: 1451243676 | B270: rs9923231 | C270: VKORC1 | D270: 2A | E270: . | F270: Tier 1 VIP | G270: 8.25 | H270: Toxicity | I270: 3 | J270: 4 | K270: phenprocoumon | L270: Hemorrhage;over-anticoagulation;time above therapeutic range | M270: 44279 | N270: https://www.pharmgkb.org/clinicalAnnotation/1451243676 | O270: 1451243676 | P270: TT | Q270: Patients with the TT genotype may have an increased risk of adverse events (bleeding, over-anticoagulation or increased time above therapeutic range) when treated with phenprocoumon as compared to patients with the CC genotype. Other clinical and genetic factors may also influence risk of adverse events to phenprocoumon. | R270: .
A271: 982045124 | B271: rs9934438 | C271: VKORC1 | D271: 3 | E271: . | F271: Tier 1 VIP | G271: 6 | H271: Efficacy | I271: 1 | J271: 2 | K271: fluindione | L271: Thromboembolism | M271: 44279 | N271: https://www.pharmgkb.org/clinicalAnnotation/982045124 | O271: 982045124 | P271: AA | Q271: Patients with AA genotypes may have decreased the time to achieve a first INR within the therapeutic range and shorter time to have over-anticoagulation (INR >4) risk when compared to patients with GG genotypes. Other genetic and clinical factors may also influence a patient's response to therapy. | R271: .
A272: 982045124 | B272: rs9934438 | C272: VKORC1 | D272: 3 | E272: . | F272: Tier 1 VIP | G272: 6 | H272: Efficacy | I272: 1 | J272: 2 | K272: fluindione | L272: Thromboembolism | M272: 44279 | N272: https://www.pharmgkb.org/clinicalAnnotation/982045124 | O272: 982045124 | P272: AG | Q272: Patients with AG genotypes may have decreased the time to achieve a first INR within the therapeutic range and shorter time to have over-anticoagulation (INR >4) risk when compared to patients with GG genotypes. Other genetic and clinical factors may also influence a patient's response to therapy. | R272: .
A273: 982045124 | B273: rs9934438 | C273: VKORC1 | D273: 3 | E273: . | F273: Tier 1 VIP | G273: 6 | H273: Efficacy | I273: 1 | J273: 2 | K273: fluindione | L273: Thromboembolism | M273: 44279 | N273: https://www.pharmgkb.org/clinicalAnnotation/982045124 | O273: 982045124 | P273: GG | Q273: Patients with GG genotypes may have increased the time to achieve a first INR within the therapeutic range and longer time to have over-anticoagulation (INR >4) risk when compared to patients with AA genotypes. Other genetic and clinical factors may also influence a patient's response to therapy. | R273: .
A274: 655385392 | B274: rs9934438 | C274: VKORC1 | D274: 1B | E274: Yes: Assigned level 1B because variant is not specifically mentioned in clinical guidelines or labels, in high LD with rs9923231 | F274: Tier 1 VIP | G274: 109.625 | H274: Dosage | I274: 49 | J274: 52 | K274: warfarin | L274: . | M274: 44519 | N274: https://www.pharmgkb.org/clinicalAnnotation/655385392 | O274: 655385392 | P274: AA | Q274: Patients with the rs9934438 AA genotype may require a lower dose of warfarin as compared to patients with the AG or GG genotype. However, conflicting evidence has been reported. Other genetic and clinical factors may also influence warfarin dose requirements. | R274: .
A275: 655385392 | B275: rs9934438 | C275: VKORC1 | D275: 1B | E275: Yes: Assigned level 1B because variant is not specifically mentioned in clinical guidelines or labels, in high LD with rs9923231 | F275: Tier 1 VIP | G275: 109.625 | H275: Dosage | I275: 49 | J275: 52 | K275: warfarin | L275: . | M275: 44519 | N275: https://www.pharmgkb.org/clinicalAnnotation/655385392 | O275: 655385392 | P275: AG | Q275: Patients with the rs9934438 AG genotype may require a lower dose of warfarin as compared to patients with the GG genotype, and a higher dose as compared to patients with the AA genotype. However, conflicting evidence has been reported. Other clinical and genetic factors may also influence warfarin dose requirements. | R275: .
A276: 655385392 | B276: rs9934438 | C276: VKORC1 | D276: 1B | E276: Yes: Assigned level 1B because variant is not specifically mentioned in clinical guidelines or labels, in high LD with rs9923231 | F276: Tier 1 VIP | G276: 109.625 | H276: Dosage | I276: 49 | J276: 52 | K276: warfarin | L276: . | M276: 44519 | N276: https://www.pharmgkb.org/clinicalAnnotation/655385392 | O276: 655385392 | P276: GG | Q276: Patients with the rs9934438 GG genotype may require higher dose of warfarin as compared to patients with the AG or AA genotype. However, conflicting evidence has been reported. Other genetic and clinical factors may also influence warfarin dose requirements. | R276: .
A277: 1447673027 | B277: rs9934438 | C277: VKORC1 | D277: 3 | E277: . | F277: Tier 1 VIP | G277: 4.75 | H277: Efficacy | I277: 2 | J277: 2 | K277: warfarin | L277: . | M277: 44279 | N277: https://www.pharmgkb.org/clinicalAnnotation/1447673027 | O277: 1447673027 | P277: AA | Q277: Patients with the AA genotype may have decreased time in therapeutic range of INR (TTR) when treated with warfarin as compared to genotype GG. Other genetic and clinical factors may also influence the response to warfarin. | R277: .
A278: 1447673027 | B278: rs9934438 | C278: VKORC1 | D278: 3 | E278: . | F278: Tier 1 VIP | G278: 4.75 | H278: Efficacy | I278: 2 | J278: 2 | K278: warfarin | L278: . | M278: 44279 | N278: https://www.pharmgkb.org/clinicalAnnotation/1447673027 | O278: 1447673027 | P278: AG | Q278: Patients with the AG genotype may have decreased time in therapeutic range of INR (TTR) when treated with warfarin as compared to genotype GG. Other genetic and clinical factors may also influence the response to warfarin. | R278: .
A279: 1447673027 | B279: rs9934438 | C279: VKORC1 | D279: 3 | E279: . | F279: Tier 1 VIP | G279: 4.75 | H279: Efficacy | I279: 2 | J279: 2 | K279: warfarin | L279: . | M279: 44279 | N279: https://www.pharmgkb.org/clinicalAnnotation/1447673027 | O279: 1447673027 | P279: GG | Q279: Patients with the GG genotype may have increased time in therapeutic range of INR (TTR) when treated with warfarin as compared to genotype AG or AA. Other genetic and clinical factors may also influence the response to warfarin. | R279: .
...

Sheet Sheet1
A1: ciprofloxacin | B1: {=_xlfn.XLOOKUP(A1,'clinical_ann_with_alleles_22.12'!$K$2:$K$15610,'clinical_ann_with_alleles_22.12'!$B$2:$B$15610,"Not Found")} -> Birmingham
A2: naproxen | B2: {=_xlfn.XLOOKUP(A2,'clinical_ann_with_alleles_22.12'!$K$2:$K$15610,'clinical_ann_with_alleles_22.12'!$B$2:$B$15610,"Not Found")} -> CYP2C9*2
A3: chloramphenicol | B3: {=_xlfn.XLOOKUP(A3,'clinical_ann_with_alleles_22.12'!$K$2:$K$15610,'clinical_ann_with_alleles_22.12'!$B$2:$B$15610,"Not Found")} -> G6PD B (reference)
A4: dimercaprol | B4: {=_xlfn.XLOOKUP(A4,'clinical_ann_with_alleles_22.12'!$K$2:$K$15610,'clinical_ann_with_alleles_22.12'!$B$2:$B$15610,"Not Found")} -> G6PD B (reference)
A5: nitrofurantoin | B5: {=_xlfn.XLOOKUP(A5,'clinical_ann_with_alleles_22.12'!$K$2:$K$15610,'clinical_ann_with_alleles_22.12'!$B$2:$B$15610,"Not Found")} -> G6PD B (reference) | C5: G6PD A- 202A_376G | D5: G6PD | E5: 3 | F5: . | G5: Tier 1 VIP | H5: 0.375 | I5: Toxicity | J5: 3 | K5: 3 | L5: nitrofurantoin | M5: Anemia, Hemolytic;Hemolysis | N5: 44943 | O5: https://www.pharmgkb.org/clinicalAnnotation/1184000346 | P5: 1184000346 | Q5: A-202A_376G/B (reference) | R5: Female patients with the A-202A_376G/B (reference) diplotype (heterozygous for the G6PD A- variant) who are treated with nitrofurantoin may have a varying degree of G6PD deficient red blood cells and an unknown risk of hemolysis as compared to patients with the A-202A_376G/A-202A_376G or B/B diplotype. Please note: all studies reported an association with G6PD deficiency but did not genotype or characterize the G6PD variant, here we are representing this association under the A- variant which is associated with G6PD deficiency, with the B (reference) haplotype representing G6PD non-deficient. Other genetic and clinical factors may also influence a patient's risk of drug-induced hemolysis.
A6: pegloticase | B6: {=_xlfn.XLOOKUP(A6,'clinical_ann_with_alleles_22.12'!$K$2:$K$15610,'clinical_ann_with_alleles_22.12'!$B$2:$B$15610,"Not Found")} -> G6PD A- 202A_376G
A7: levetiracetam | B7: {=_xlfn.XLOOKUP(A7,'clinical_ann_with_alleles_22.12'!$K$2:$K$15610,'clinical_ann_with_alleles_22.12'!$B$2:$B$15610,"Not Found")} -> HLA-A*11:01
A8: trichloroethylene | B8: {=_xlfn.XLOOKUP(A8,'clinical_ann_with_alleles_22.12'!$K$2:$K$15610,'clinical_ann_with_alleles_22.12'!$B$2:$B$15610,"Not Found")} -> HLA-B*13:01
A9: acetazolamide | B9: {=_xlfn.XLOOKUP(A9,'clinical_ann_with_alleles_22.12'!$K$2:$K$15610,'clinical_ann_with_alleles_22.12'!$B$2:$B$15610,"Not Found")} -> HLA-B*59:01
A10: ticlopidine | B10: {=_xlfn.XLOOKUP(A10,'clinical_ann_with_alleles_22.12'!$K$2:$K$15610,'clinical_ann_with_alleles_22.12'!$B$2:$B$15610,"Not Found")} -> HLA-C*14:03
A11: lapatinib | B11: {=_xlfn.XLOOKUP(A11,'clinical_ann_with_alleles_22.12'!$K$2:$K$15610,'clinical_ann_with_alleles_22.12'!$B$2:$B$15610,"Not Found")} -> HLA-DRB1*07:01
A12: heparin | B12: {=_xlfn.XLOOKUP(A12,'clinical_ann_with_alleles_22.12'!$K$2:$K$15610,'clinical_ann_with_alleles_22.12'!$B$2:$B$15610,"Not Found")} -> HLA-DRB3*01:01
A13: amantadine | B13: {=_xlfn.XLOOKUP(A13,'clinical_ann_with_alleles_22.12'!$K$2:$K$15610,'clinical_ann_with_alleles_22.12'!$B$2:$B$15610,"Not Found")} -> Not Found | C13: rs622342 | D13: SLC22A1
A14: amoxicillin | B14: {=_xlfn.XLOOKUP(A14,'clinical_ann_with_alleles_22.12'!$K$2:$K$15610,'clinical_ann_with_alleles_22.12'!$B$2:$B$15610,"Not Found")} -> Not Found | C14: rs9274407 | D14: HLA-DQB1 | E14: 3 | F14: . | G14: . | H14: 0 | I14: Toxicity | J14: 1 | K14: 1 | L14: amoxicillin;clavulanate
A15: chlorambucil | B15: {=_xlfn.XLOOKUP(A15,'clinical_ann_with_alleles_22.12'!$K$2:$K$15610,'clinical_ann_with_alleles_22.12'!$B$2:$B$15610,"Not Found")} -> Not Found
A16: dexrazoxane | B16: {=_xlfn.XLOOKUP(A16,'clinical_ann_with_alleles_22.12'!$K$2:$K$15610,'clinical_ann_with_alleles_22.12'!$B$2:$B$15610,"Not Found")} -> Not Found
A17: artemether | B17: {=_xlfn.XLOOKUP(A17,'clinical_ann_with_alleles_22.12'!$K$2:$K$15610,'clinical_ann_with_alleles_22.12'!$B$2:$B$15610,"Not Found")} -> Not Found
A18: brivaracetam | B18: {=_xlfn.XLOOKUP(A18,'clinical_ann_with_alleles_22.12'!$K$2:$K$15610,'clinical_ann_with_alleles_22.12'!$B$2:$B$15610,"Not Found")} -> Not Found
A19: chlorthalidone | B19: {=_xlfn.XLOOKUP(A19,'clinical_ann_with_alleles_22.12'!$K$2:$K$15610,'clinical_ann_with_alleles_22.12'!$B$2:$B$15610,"Not Found")} -> Not Found
A20: cilostazol | B20: {=_xlfn.XLOOKUP(A20,'clinical_ann_with_alleles_22.12'!$K$2:$K$15610,'clinical_ann_with_alleles_22.12'!$B$2:$B$15610,"Not Found")} -> Not Found
A21: dextroamphetamine | B21: {=_xlfn.XLOOKUP(A21,'clinical_ann_with_alleles_22.12'!$K$2:$K$15610,'clinical_ann_with_alleles_22.12'!$B$2:$B$15610,"Not Found")} -> Not Found
A22: hydroxychloroquine | B22: {=_xlfn.XLOOKUP(A22,'clinical_ann_with_alleles_22.12'!$K$2:$K$15610,'clinical_ann_with_alleles_22.12'!$B$2:$B$15610,"Not Found")} -> Not Found
A23: interferon beta-1b | B23: {=_xlfn.XLOOKUP(A23,'clinical_ann_with_alleles_22.12'!$K$2:$K$15610,'clinical_ann_with_alleles_22.12'!$B$2:$B$15610,"Not Found")} -> Not Found
A24: ketamine | B24: {=_xlfn.XLOOKUP(A24,'clinical_ann_with_alleles_22.12'!$K$2:$K$15610,'clinical_ann_with_alleles_22.12'!$B$2:$B$15610,"Not Found")} -> Not Found
A25: maraviroc | B25: {=_xlfn.XLOOKUP(A25,'clinical_ann_with_alleles_22.12'!$K$2:$K$15610,'clinical_ann_with_alleles_22.12'!$B$2:$B$15610,"Not Found")} -> Not Found
A26: interferon alfa-2a recombinant | B26: {=_xlfn.XLOOKUP(A26,'clinical_ann_with_alleles_22.12'!$K$2:$K$15610,'clinical_ann_with_alleles_22.12'!$B$2:$B$15610,"Not Found")} -> Not Found
... A54: sulfinpyrazone | B54: {=_xlfn.XLOOKUP(A54,'clinical_ann_with_alleles_22.12'!$K$2:$K$15610,'clinical_ann_with_alleles_22.12'!$B$2:$B$15610,"Not Found")} -> rs72551330
